{
    "vertices": [
        [9.950608, 3.401395, 13.179185],
        [9.950608, 5.467624, 12.507827],
        [9.950609, 6.744625, 10.750188],
        [9.95061, 6.744628, -14.216638],
        [9.950611, 5.467629, -15.974277],
        [9.950611, 3.4014, -16.645636],
        [9.950611, 1.335171, -15.974277],
        [9.95061, 0.058171, -14.216638],
        [9.950609, 0.058167, 10.750187],
        [9.950608, 1.335167, 12.507824],
        [-10.16805, 3.401394, 13.179182],
        [-10.16805, 5.467623, 12.507822],
        [-10.168051, 6.744623, 10.750183],
        [-10.168049, 6.744627, -14.21664],
        [-10.168048, 5.467628, -15.97428],
        [-10.168047, 3.401399, -16.645639],
        [-10.168047, 1.33517, -15.97428],
        [-10.168048, 0.05817, -14.216641],
        [-10.168051, 0.058166, 10.750184],
        [-10.168051, 1.335166, 12.507823],
        [-6.618286, 3.999418, 14.536545],
        [6.602452, 3.999418, 14.536545],
        [6.612121, 3.999418, -19.076134],
        [-10.00792, 7.446903, 10.937015],
        [9.992084, 7.446903, 10.937014],
        [-10.004471, 7.446903, -14.590511],
        [9.995533, 7.446903, -14.590512],
        [9.994708, 7.446903, -8.486501],
        [-10.005297, 7.446903, -8.486502],
        [9.992855, 7.446903, 5.229805],
        [-10.007148, 7.446903, 5.229804],
        [-6.606328, 3.999418, -19.076134],
        [-6.606328, 3.999418, 14.536545],
        [-6.60633, 9.963738, 10.937017],
        [-6.606329, 9.963738, -14.59051],
        [-6.606329, 9.963737, -8.486501],
        [-6.60633, 9.963738, 5.229805],
        [6.61212, 9.963737, -14.590511],
        [6.612121, 4.012164, 14.526278],
        [6.61212, 9.963737, -8.4865],
        [6.61212, 9.963738, 5.229806],
        [6.61212, 9.963738, 10.937017],
        [-5.490258, 11.963737, -5.804017],
        [-5.490259, 11.963737, 2.547314],
        [5.496048, 11.963737, 2.547314],
        [5.496048, 11.963737, -5.804017]
    ],
    "triangles": [
        [-46, -45, -35],
        [-35, -36, -46],
        [-45, -44, -34],
        [-34, -35, -45],
        [-44, -43, -33],
        [-33, -34, -44],
        [-43, -42, -32],
        [-32, -33, -43],
        [-42, -41, -31],
        [-31, -32, -42],
        [-41, -40, -30],
        [-30, -31, -41],
        [-40, -39, -29],
        [-29, -30, -40],
        [-39, -38, -28],
        [-28, -29, -39],
        [-38, -37, -27],
        [-27, -28, -38],
        [-37, -46, -36],
        [-36, -27, -37],
        [-38, -39, -40],
        [-40, -41, -42],
        [-42, -43, -44],
        [-44, -45, -46],
        [-42, -44, -46],
        [-40, -42, -46],
        [-38, -40, -46],
        [-37, -38, -46],
        [-35, -34, -33],
        [-33, -32, -31],
        [-31, -30, -29],
        [-29, -28, -27],
        [-31, -29, -27],
        [-33, -31, -27],
        [-35, -33, -27],
        [-36, -35, -27],
        [-13, -10, -16],
        [-16, -23, -13],
        [-26, -14, -13],
        [-13, -23, -26],
        [-24, -9, -20],
        [-20, -9, -7],
        [-7, -19, -20],
        [-19, -7, -6],
        [-6, -17, -19],
        [-5, -6, -10],
        [-10, -13, -5],
        [-8, -5, -13],
        [-25, -8, -13],
        [-14, -25, -13],
        [-15, -21, -12],
        [-21, -18, -11],
        [-11, -12, -21],
        [-18, -16, -10],
        [-10, -11, -18],
        [-15, -12, -9],
        [-9, -24, -15],
        [-12, -11, -7],
        [-7, -9, -12],
        [-4, -3, -2],
        [-2, -1, -4],
        [-22, -17, -6],
        [-6, -5, -22],
        [-8, -22, -5],
        [-11, -10, -3],
        [-3, -4, -11],
        [-10, -6, -2],
        [-2, -3, -10],
        [-6, -7, -1],
        [-1, -2, -6],
        [-7, -11, -4],
        [-4, -1, -7],
    ]
}